{"cameraMode":{"drawMode":0,"name":"Shaded","section":"Shading Mode"},"sceneLighting":false,"audioPlay":false,"sceneViewState":{"m_AlwaysRefresh":false,"showFog":true,"showSkybox":false,"showFlares":true,"showImageEffects":true,"showParticleSystems":true,"showVisualEffectGraphs":true,"m_FxEnabled":true},"in2DMode":false,"pivot":{"x":-4.907229423522949,"y":-2.58066987991333,"z":12.163299560546875},"rotation":{"x":-0.031750526279211047,"y":0.05753537267446518,"z":-0.001831195899285376,"w":-0.9978153705596924},"size":31.406784057617189,"orthographic":false}