{"cameraMode":{"drawMode":0,"name":"Shaded","section":"Shading Mode"},"sceneLighting":false,"audioPlay":false,"sceneViewState":{"m_AlwaysRefresh":false,"showFog":true,"showSkybox":false,"showFlares":true,"showImageEffects":true,"showParticleSystems":true,"showVisualEffectGraphs":true,"m_FxEnabled":true},"in2DMode":false,"pivot":{"x":14.542437553405762,"y":-17.69916343688965,"z":79.58666229248047},"rotation":{"x":-0.12150493264198303,"y":-0.0008943449938669801,"z":0.00011053504567826167,"w":-0.9925613403320313},"size":43.605342864990237,"orthographic":false}