{"cameraMode":{"drawMode":0,"name":"Shaded","section":"Shading Mode"},"sceneLighting":false,"audioPlay":false,"sceneViewState":{"m_AlwaysRefresh":false,"showFog":true,"showSkybox":false,"showFlares":true,"showImageEffects":true,"showParticleSystems":true,"showVisualEffectGraphs":true,"m_FxEnabled":true},"in2DMode":false,"pivot":{"x":-0.5752041339874268,"y":4.106284141540527,"z":4.793949604034424},"rotation":{"x":-0.07910666614770889,"y":-0.000004050814368383726,"z":-0.000011115800589323044,"w":0.9968482851982117},"size":10.286725044250489,"orthographic":false}