{"cameraMode":{"drawMode":0,"name":"Shaded","section":"Shading Mode"},"sceneLighting":false,"audioPlay":false,"sceneViewState":{"m_AlwaysRefresh":false,"showFog":true,"showSkybox":false,"showFlares":true,"showImageEffects":true,"showParticleSystems":true,"showVisualEffectGraphs":true,"m_FxEnabled":true},"in2DMode":false,"pivot":{"x":-1.7008919715881348,"y":0.34678715467453005,"z":-6.1767659187316898},"rotation":{"x":-0.009592074900865555,"y":0.9903330206871033,"z":-0.10317665338516236,"w":-0.09206625819206238},"size":4.925980567932129,"orthographic":false}